{
 "hits@10": 0.038767923526287836, 
 "map@50": 0.030813297239504985, 
 "hits@100": 0.05045140732873075, 
 "map@100": 0.030871266152404455, 
 "hits@50": 0.046202867764206054, 
 "map@10": 0.030532584781124344
}